,name,sentiment,node,degree,deg cent,bet cent,clo cent
0,u_pos.gml,positive,neighbors,1,0.00153609831029,0.0,0.17765193127
1,u_pos.gml,positive,vitamins,1,0.00153609831029,0.0,0.0111509358821
2,u_pos.gml,positive,colleges,1,0.00153609831029,0.0,0.183436815586
3,u_pos.gml,positive,influenza,2,0.00307219662058,0.000598842018197,0.150717935936
4,u_pos.gml,positive,parents of autistic children,6,0.00921658986175,0.00447373464942,0.238568098959
5,u_pos.gml,positive,religious exemption,9,0.0138248847926,0.00574978312891,0.242207834172
6,u_pos.gml,positive,results,1,0.00153609831029,0.0,0.193034467692
7,u_pos.gml,positive,Scott Morrison,1,0.00153609831029,0.0,0.00153609831029
8,u_pos.gml,positive,repetitive behaviors,1,0.00153609831029,0.0,0.112423936763
9,u_pos.gml,positive,Michael Mina,2,0.00307219662058,4.72645633936e-06,0.00307219662058
10,u_pos.gml,positive,children,31,0.047619047619,0.0663821658835,0.306371663927
11,u_pos.gml,positive,Dr. Paul Offit,3,0.00460829493088,1.41793690181e-05,0.00460829493088
12,u_pos.gml,positive,vaccination schedule,4,0.00614439324117,0.00107631351691,0.233361044684
13,u_pos.gml,positive,Samantha Page,1,0.00153609831029,0.0,0.00153609831029
14,u_pos.gml,positive,best-sellers,1,0.00153609831029,0.0,0.184665331447
15,u_pos.gml,positive,American Medical Association,5,0.00768049155146,0.000863095904205,0.211846156617
16,u_pos.gml,positive,Orthodox Jewish communities,1,0.00153609831029,0.0,0.226794608361
17,u_pos.gml,positive,fence-sitters,4,0.00614439324117,0.0124723015215,0.248881494211
18,u_pos.gml,positive,Journal of the American Medical Association,1,0.00153609831029,0.0,0.189200269164
19,u_pos.gml,positive,sexually transmitted virus,4,0.00614439324117,0.00585935207122,0.251630905531
20,u_pos.gml,positive,fear of autism,5,0.00768049155146,0.00691843317165,0.248056602895
21,u_pos.gml,positive,genetic risk factors for ASD,1,0.00153609831029,0.0,0.147037761806
22,u_pos.gml,positive,siblings,1,0.00153609831029,0.0,0.157090118535
23,u_pos.gml,positive,resources,2,0.00307219662058,0.00147720704497,0.184730446162
24,u_pos.gml,positive,risk,1,0.00153609831029,0.0,0.212361388454
25,u_pos.gml,positive,vaccine campaign,2,0.00307219662058,0.0,0.185976409412
26,u_pos.gml,positive,stiff neck,1,0.00153609831029,0.0,0.145123419755
27,u_pos.gml,positive,Faith Assembly,2,0.00307219662058,0.0,0.00552995391705
28,u_pos.gml,positive,nausea,2,0.00307219662058,0.00135564233703,0.219939355716
29,u_pos.gml,positive,ill effects,1,0.00153609831029,0.0,0.175627068493
30,u_pos.gml,positive,cultured cells,3,0.00460829493088,0.00182913860333,0.143808823858
31,u_pos.gml,positive,spread of infectious diseases,4,0.00614439324117,0.000880915127644,0.234825434924
32,u_pos.gml,positive,decrease in exemption rates,6,0.00921658986175,0.00829532184832,0.210062367809
33,u_pos.gml,positive,debunked,1,0.00153609831029,0.0,0.175627068493
34,u_pos.gml,positive,mild,1,0.00153609831029,0.0,0.204886799106
35,u_pos.gml,positive,booster dose,1,0.00153609831029,0.0,0.166952053956
36,u_pos.gml,positive,large,1,0.00153609831029,0.0,0.193034467692
37,u_pos.gml,positive,tenderness,1,0.00153609831029,0.0,0.204886799106
38,u_pos.gml,positive,financial forces,4,0.00614439324117,0.00602300314103,0.218654234272
39,u_pos.gml,positive,vaccinated high-risk children,3,0.00460829493088,0.00309508284915,0.224366400563
40,u_pos.gml,positive,findings,3,0.00460829493088,0.00292963276352,0.19822003228
41,u_pos.gml,positive,Muslim fundamentalists,4,0.00614439324117,0.0212583413121,0.221520315144
42,u_pos.gml,positive,lower rate of autism in vaccinated children,2,0.00307219662058,0.0,0.202510840864
43,u_pos.gml,positive,unvaccinated children,11,0.0168970814132,0.00869228734806,0.243106981585
44,u_pos.gml,positive,Neisseria meningitidis bacteria,3,0.00460829493088,0.000547665576379,0.202354401435
45,u_pos.gml,positive,video,1,0.00153609831029,0.0,0.0111509358821
46,u_pos.gml,positive,long-term benefits,1,0.00153609831029,0.0,0.202432590925
47,u_pos.gml,positive,bacteria,1,0.00153609831029,0.0,0.162700479911
48,u_pos.gml,positive,universities,1,0.00153609831029,0.0,0.174573657219
49,u_pos.gml,positive,vaccine alternatives,3,0.00460829493088,0.00824766631218,0.232429257016
50,u_pos.gml,positive,prisons,1,0.00153609831029,0.0,0.183436815586
51,u_pos.gml,positive,vaccines are effective,1,0.00153609831029,0.0,0.183244332044
52,u_pos.gml,positive,scientists,4,0.00614439324117,0.00323940185523,0.235988984376
53,u_pos.gml,positive,flu shots,3,0.00460829493088,0.00275552404585,0.196289076551
54,u_pos.gml,positive,children with immunosuppressive diseases,3,0.00460829493088,0.0,0.216844182663
55,u_pos.gml,positive,body,1,0.00153609831029,0.0,0.201420817115
56,u_pos.gml,positive,Libya,2,0.00307219662058,2.17995305255e-05,0.173705419534
57,u_pos.gml,positive,partners,1,0.00153609831029,0.0,0.155228309723
58,u_pos.gml,positive,faith healing,6,0.00921658986175,2.36322816968e-05,0.00921658986175
59,u_pos.gml,positive,children with autism,3,0.00460829493088,0.00550632163535,0.128500256393
60,u_pos.gml,positive,answers,1,0.00153609831029,0.0,0.198897321684
61,u_pos.gml,positive,vomiting,1,0.00153609831029,0.0,0.198370142111
62,u_pos.gml,positive,fluke,1,0.00153609831029,0.0,0.170261795682
63,u_pos.gml,positive,protection,7,0.010752688172,0.0103678320444,0.269078348903
64,u_pos.gml,positive,miscarriage,2,0.00307219662058,0.0,0.191973450097
65,u_pos.gml,positive,Ohio,2,0.00307219662058,2.17995305255e-05,0.173705419534
66,u_pos.gml,positive,caregivers,2,0.00307219662058,0.0,0.200189356253
67,u_pos.gml,positive,raw milk,1,0.00153609831029,0.0,0.0111509358821
68,u_pos.gml,positive,Jews,5,0.00768049155146,0.00198728745555,0.260644549908
69,u_pos.gml,positive,tapes,1,0.00153609831029,0.0,0.0111509358821
70,u_pos.gml,positive,Victorian government,1,0.00153609831029,0.0,0.189473976606
71,u_pos.gml,positive,vast amounts of money,1,0.00153609831029,0.0,0.175627068493
72,u_pos.gml,positive,employees,1,0.00153609831029,0.0,0.161099491179
73,u_pos.gml,positive,compliance,1,0.00153609831029,0.0,0.00153609831029
74,u_pos.gml,positive,health care providers,2,0.00307219662058,2.52077671433e-06,0.19792049313
75,u_pos.gml,positive,controversy,1,0.00153609831029,0.0,0.167325309906
76,u_pos.gml,positive,nutritional supplements,1,0.00153609831029,0.0,0.0111509358821
77,u_pos.gml,positive,low vaccination rates,9,0.0138248847926,0.0133848184927,0.243219844622
78,u_pos.gml,positive,studies,13,0.0199692780338,0.0208735902736,0.230182577028
79,u_pos.gml,positive,danger,2,0.00307219662058,0.00578665051735,0.22030931258
80,u_pos.gml,positive,Age of Autism,2,0.00307219662058,0.0,0.220680516139
81,u_pos.gml,positive,brain damage,2,0.00307219662058,0.00364985460114,0.231096402874
82,u_pos.gml,positive,National Infant Immunization Week,2,0.00307219662058,0.000721931497616,0.216575256434
83,u_pos.gml,positive,alternative explanation,1,0.00153609831029,0.0,0.187105551898
84,u_pos.gml,positive,vaccines do not cause autism,3,0.00460829493088,0.00550632163535,0.138194551653
85,u_pos.gml,positive,children without autistic sibling,1,0.00153609831029,0.0,0.193891763625
86,u_pos.gml,positive,misguided claims,5,0.00768049155146,0.00830678118266,0.217113777586
87,u_pos.gml,positive,Nigeria,1,0.00153609831029,0.0,0.149513568868
88,u_pos.gml,positive,close contacts,5,0.00768049155146,0.0031849649425,0.217113777586
89,u_pos.gml,positive,vaccine information sources,1,0.00153609831029,0.0,0.136147490986
90,u_pos.gml,positive,medical student,1,0.00153609831029,0.0,0.00204813108039
91,u_pos.gml,positive,tetanus/diphtheria/pertussis,1,0.00153609831029,0.0,0.200189356253
92,u_pos.gml,positive,social media,1,0.00153609831029,0.0,0.17765193127
93,u_pos.gml,positive,no brainer,1,0.00153609831029,0.0,0.212361388454
94,u_pos.gml,positive,withholding vaccines,4,0.00614439324117,0.00327652585678,0.236201778771
95,u_pos.gml,positive,children with autistic sibling,6,0.00921658986175,0.000290799632613,0.226794608361
96,u_pos.gml,positive,Institute of Medicine,2,0.00307219662058,0.0082382133995,0.163105711493
97,u_pos.gml,positive,opposed,5,0.00768049155146,0.00286305092757,0.18940547553
98,u_pos.gml,positive,unvaccinated-friendly day care centres,4,0.00614439324117,0.00479605024956,0.245844929758
99,u_pos.gml,positive,creams,1,0.00153609831029,0.0,0.0111509358821
100,u_pos.gml,positive,conscientious objectors,1,0.00153609831029,0.0,0.173993870912
101,u_pos.gml,positive,The Children's Hospital of Philadelphia,1,0.00153609831029,0.0,0.00276497695853
102,u_pos.gml,positive,meningococcal disease,32,0.0491551459293,0.0728176082858,0.254565376732
103,u_pos.gml,positive,supporters,1,0.00153609831029,0.0,0.173993870912
104,u_pos.gml,positive,populations,2,0.00307219662058,0.000202037206132,0.203533622888
105,u_pos.gml,positive,mothers with pregnancy-related diabetes,1,0.00153609831029,0.0,0.193891763625
106,u_pos.gml,positive,infection,11,0.0168970814132,0.00612339633394,0.248763316864
107,u_pos.gml,positive,antibiotics,4,0.00614439324117,0.00111691088262,0.213486367284
108,u_pos.gml,positive,transient,1,0.00153609831029,0.0,0.202432590925
109,u_pos.gml,positive,decision to vaccinate,1,0.00153609831029,0.0,0.00153609831029
110,u_pos.gml,positive,cases,1,0.00153609831029,0.0,0.198370142111
111,u_pos.gml,positive,vaccination coverage,6,0.00921658986175,0.00872957021021,0.21497560333
112,u_pos.gml,positive,other meningococcal disease cases,1,0.00153609831029,0.0,0.198370142111
113,u_pos.gml,positive,women,4,0.00614439324117,0.00552669946307,0.178987203729
114,u_pos.gml,positive,states,15,0.0230414746544,0.015180491009,0.236735447499
115,u_pos.gml,positive,cluster,5,0.00768049155146,0.000566626556973,0.221801670328
116,u_pos.gml,positive,science,2,0.00307219662058,0.00149274344512,0.247939207437
117,u_pos.gml,positive,challenge,1,0.00153609831029,0.0,0.216933973215
118,u_pos.gml,positive,suboptimal protection,1,0.00153609831029,0.0,0.00153609831029
119,u_pos.gml,positive,vaccinated students,2,0.00307219662058,0.0,0.209809990114
120,u_pos.gml,positive,Church of the First Born,2,0.00307219662058,0.0,0.00552995391705
121,u_pos.gml,positive,California Senate,1,0.00153609831029,0.0,0.215417576199
122,u_pos.gml,positive,Arizona Department of Health Services,2,0.00307219662058,0.0,0.170261795682
123,u_pos.gml,positive,formal advice,1,0.00153609831029,0.0,0.218563014316
124,u_pos.gml,positive,measles outbreak,9,0.0138248847926,0.0128958324675,0.239440377201
125,u_pos.gml,positive,immune system disorder,1,0.00153609831029,0.0,0.19665748698
126,u_pos.gml,positive,vaccination exemption,17,0.026113671275,0.0241634471843,0.264193416699
127,u_pos.gml,positive,reduced vaccine potency,1,0.00153609831029,0.0,0.00153609831029
128,u_pos.gml,positive,severity,1,0.00153609831029,0.0,0.216933973215
129,u_pos.gml,positive,household,1,0.00153609831029,0.0,0.198370142111
130,u_pos.gml,positive,Nepal,1,0.00153609831029,0.0,0.191272561269
131,u_pos.gml,positive,one dose of vaccine,1,0.00153609831029,0.0,0.149257990118
132,u_pos.gml,positive,anti-vaxxer,5,0.00768049155146,0.010989010989,0.214184605607
133,u_pos.gml,positive,vaccine delivery,2,0.00307219662058,6.73342885822e-05,0.193319389415
134,u_pos.gml,positive,Wakefield study,10,0.0153609831029,0.0247115411667,0.218289810548
135,u_pos.gml,positive,teen girls,3,0.00460829493088,9.56136216291e-05,0.21603940013
136,u_pos.gml,positive,girls who received Gardasil,1,0.00153609831029,0.0,0.19296336844
137,u_pos.gml,positive,philosophical exemption,2,0.00307219662058,0.0,0.212361388454
138,u_pos.gml,positive,population health,1,0.00153609831029,0.0,0.231812188192
139,u_pos.gml,positive,infection at multiple sites,1,0.00153609831029,0.0,0.193748352557
140,u_pos.gml,positive,polio,6,0.00921658986175,0.00401581127451,0.25296742893
141,u_pos.gml,positive,risk of infection,1,0.00153609831029,0.0,0.231812188192
142,u_pos.gml,positive,respiratory secretions,2,0.00307219662058,0.0,0.199351425158
143,u_pos.gml,positive,potential risks,1,0.00153609831029,0.0,0.24176075003
144,u_pos.gml,positive,Muslims,2,0.00307219662058,0.0,0.233465038019
145,u_pos.gml,positive,MMR vaccine does not cause autism,3,0.00460829493088,0.0143274603582,0.198821838829
146,u_pos.gml,positive,Tanzania,2,0.00307219662058,2.17995305255e-05,0.173705419534
147,u_pos.gml,positive,neurological problems,1,0.00153609831029,0.0,0.231812188192
148,u_pos.gml,positive,good news,1,0.00153609831029,0.0,0.170261795682
149,u_pos.gml,positive,measles resurgence,6,0.00921658986175,0.00819555629961,0.239988797671
150,u_pos.gml,positive,critics,1,0.00153609831029,0.0,0.00204813108039
151,u_pos.gml,positive,gelatin,2,0.00307219662058,0.0,0.236095333625
152,u_pos.gml,positive,medical advancement,1,0.00153609831029,0.0,0.231812188192
153,u_pos.gml,positive,law,1,0.00153609831029,0.0,0.215417576199
154,u_pos.gml,positive,data,1,0.00153609831029,0.0,0.194829135483
155,u_pos.gml,positive,Jain study,16,0.0245775729647,0.0342533738865,0.245844929758
156,u_pos.gml,positive,health professionals,1,0.00153609831029,0.0,0.218928351573
157,u_pos.gml,positive,Hilary Clinton,1,0.00153609831029,0.0,0.212361388454
158,u_pos.gml,positive,thimerosal is safe,1,0.00153609831029,0.0,0.183244332044
159,u_pos.gml,positive,genetic component,1,0.00153609831029,0.0,0.216933973215
160,u_pos.gml,positive,spinal adjustment,1,0.00153609831029,0.0,0.0111509358821
161,u_pos.gml,positive,early treatment,1,0.00153609831029,0.0,0.198370142111
162,u_pos.gml,positive,hypotheses,4,0.00614439324117,0.00639887004847,0.231914805363
163,u_pos.gml,positive,vaccine benefits,1,0.00153609831029,0.0,0.189131965818
164,u_pos.gml,positive,Senator Pan,2,0.00307219662058,4.72645633936e-06,0.00307219662058
165,u_pos.gml,positive,family tax benefit,1,0.00153609831029,0.0,0.173993870912
166,u_pos.gml,positive,autism rate,2,0.00307219662058,0.000645628536447,0.213312518451
167,u_pos.gml,positive,senators,1,0.00153609831029,0.0,0.187574488118
168,u_pos.gml,positive,Mississippi,3,0.00460829493088,0.000322546413171,0.21720379159
169,u_pos.gml,positive,epidemiologist,1,0.00153609831029,0.0,0.166686460488
170,u_pos.gml,positive,tax benefits,1,0.00153609831029,0.0,0.173993870912
171,u_pos.gml,positive,vaccinated,8,0.0122887864823,0.0198611284143,0.251268846674
172,u_pos.gml,positive,political issues,1,0.00153609831029,0.0,0.149513568868
173,u_pos.gml,positive,Minnesota,1,0.00153609831029,0.0,0.00204813108039
174,u_pos.gml,positive,vaccinations should be voluntary,1,0.00153609831029,0.0,0.144443216243
175,u_pos.gml,positive,observational,1,0.00153609831029,0.0,0.193034467692
176,u_pos.gml,positive,Catholics,2,0.00307219662058,0.0,0.233465038019
177,u_pos.gml,positive,non-judgmental environment,1,0.00153609831029,0.0,0.1999601318
178,u_pos.gml,positive,kindergarten,2,0.00307219662058,0.0,0.219570639277
179,u_pos.gml,positive,West Virginia,3,0.00460829493088,0.000322546413171,0.21720379159
180,u_pos.gml,positive,variety of medical conditions,1,0.00153609831029,0.0,0.199351425158
181,u_pos.gml,positive,rubella outbreak,1,0.00153609831029,0.0,0.187641670958
182,u_pos.gml,positive,physicians,4,0.00614439324117,0.00258881344648,0.207730192433
183,u_pos.gml,positive,California Coalition for Health Choice,3,0.00460829493088,0.00275552404585,0.237056807835
184,u_pos.gml,positive,childcare services,1,0.00153609831029,0.0,0.187373227938
185,u_pos.gml,positive,increased sensitivity to light,1,0.00153609831029,0.0,0.198370142111
186,u_pos.gml,positive,HPV vaccine recommendations,3,0.00460829493088,0.00275552404585,0.198671044867
187,u_pos.gml,positive,meningococcal vaccine,18,0.0276497695853,0.0187527533922,0.227483953676
188,u_pos.gml,positive,safe,2,0.00307219662058,0.00128490033958,0.234720226396
189,u_pos.gml,positive,vaccine fear,1,0.00153609831029,0.0,0.19324808016
190,u_pos.gml,positive,brain development,1,0.00153609831029,0.0,0.175450617989
191,u_pos.gml,positive,Dr. Adams,4,0.00614439324117,0.00417128861086,0.244811002484
192,u_pos.gml,positive,Vaccine Free Family Day Care,1,0.00153609831029,0.0,0.213486367284
193,u_pos.gml,positive,infectious disease mortality,5,0.00768049155146,0.00107445288209,0.232635677316
194,u_pos.gml,positive,Merck,1,0.00153609831029,0.0,0.202432590925
195,u_pos.gml,positive,schools,10,0.0153609831029,0.0123451709895,0.273717630781
196,u_pos.gml,positive,mystery,4,0.00614439324117,0.00283738826064,0.211248203756
197,u_pos.gml,positive,prophylaxis,1,0.00153609831029,0.0,0.174865001774
198,u_pos.gml,positive,autism specialist,1,0.00153609831029,0.0,0.00276497695853
199,u_pos.gml,positive,India,1,0.00153609831029,0.0,0.191272561269
200,u_pos.gml,positive,Disneyland measles outbreak,8,0.0122887864823,0.00390866806536,0.247120540243
201,u_pos.gml,positive,religious doctrine,3,0.00460829493088,0.00275552404585,0.222839449305
202,u_pos.gml,positive,measles experience,1,0.00153609831029,0.0,0.226794608361
203,u_pos.gml,positive,Northern Hemisphere flu vaccine,1,0.00153609831029,0.0,0.00153609831029
204,u_pos.gml,positive,minority views,2,0.00307219662058,0.0,0.173017022891
205,u_pos.gml,positive,vaccine message,5,0.00768049155146,0.00558082059996,0.221426688637
206,u_pos.gml,positive,Muslim leaders,1,0.00153609831029,0.0,0.171881740589
207,u_pos.gml,positive,developing countries,4,0.00614439324117,0.000723651616473,0.209894048604
208,u_pos.gml,positive,distrust of medical establishment,2,0.00307219662058,0.0,0.242319863698
209,u_pos.gml,positive,reactions,1,0.00153609831029,0.0,0.00153609831029
210,u_pos.gml,positive,immune memory cells,1,0.00153609831029,0.0,0.226794608361
211,u_pos.gml,positive,democrat,1,0.00153609831029,0.0,0.17765193127
212,u_pos.gml,positive,three-dose course,1,0.00153609831029,0.0,0.149257990118
213,u_pos.gml,positive,flu vaccine recall,2,0.00307219662058,2.36322816968e-06,0.122980174957
214,u_pos.gml,positive,salves,1,0.00153609831029,0.0,0.0111509358821
215,u_pos.gml,positive,childcare benefits,1,0.00153609831029,0.0,0.173993870912
216,u_pos.gml,positive,worried,1,0.00153609831029,0.0,0.24176075003
217,u_pos.gml,positive,parental rights,2,0.00307219662058,0.000845721600669,0.242207834172
218,u_pos.gml,positive,"no jab, no pay policy",1,0.00153609831029,0.0,0.00153609831029
219,u_pos.gml,positive,Seattle Children's Hospital,1,0.00153609831029,0.0,0.00276497695853
220,u_pos.gml,positive,state-level policy,1,0.00153609831029,0.0,0.212361388454
221,u_pos.gml,positive,activism,2,0.00307219662058,0.0,0.21497560333
222,u_pos.gml,positive,research,6,0.00921658986175,0.00922938459384,0.245729617878
223,u_pos.gml,positive,private schools,2,0.00307219662058,0.00275552404585,0.19155230176
224,u_pos.gml,positive,women without previous HPV,1,0.00153609831029,0.0,0.193748352557
225,u_pos.gml,positive,parents who refuse to vaccinate their children,11,0.0168970814132,0.022245457955,0.215772465121
226,u_pos.gml,positive,autism-linked genes,1,0.00153609831029,0.0,0.00153609831029
227,u_pos.gml,positive,MMR vaccine safety,3,0.00460829493088,0.00408476861378,0.198370142111
228,u_pos.gml,positive,issue,2,0.00307219662058,0.000258787404003,0.204168178221
229,u_pos.gml,positive,parental responsibility,2,0.00307219662058,0.000182290646144,0.23987891269
230,u_pos.gml,positive,Australian social services minister,1,0.00153609831029,0.0,0.00153609831029
231,u_pos.gml,positive,theory,1,0.00153609831029,0.0,0.156901930313
232,u_pos.gml,positive,parents who choose to delay vaccination,2,0.00307219662058,0.000109618369069,0.202981613838
233,u_pos.gml,positive,met the bar,1,0.00153609831029,0.0,0.173993870912
234,u_pos.gml,positive,United States,10,0.0153609831029,0.0365253442193,0.255933339187
235,u_pos.gml,positive,members,1,0.00153609831029,0.0,0.218563014316
236,u_pos.gml,positive,Gardasil,14,0.0215053763441,0.03991739538,0.256183640741
237,u_pos.gml,positive,immune response,5,0.00768049155146,0.00320425349411,0.239549860684
238,u_pos.gml,positive,unvaccinated clusters,2,0.00307219662058,0.000110621088573,0.208391227253
239,u_pos.gml,positive,benefits,1,0.00153609831029,0.0,0.202432590925
240,u_pos.gml,positive,wealthy regions,2,0.00307219662058,0.0,0.204247775951
241,u_pos.gml,positive,healing through prayer,1,0.00153609831029,0.0,0.00204813108039
242,u_pos.gml,positive,anti-vaccination,28,0.0430107526882,0.101460355991,0.28000830856
243,u_pos.gml,positive,threat,2,0.00307219662058,0.0,0.227483953676
244,u_pos.gml,positive,state legislatures,2,0.00307219662058,0.0,0.209894048604
245,u_pos.gml,positive,Prabhupada Village,1,0.00153609831029,0.0,0.226794608361
246,u_pos.gml,positive,Washington State public-private pilot program,2,0.00307219662058,0.000983401030547,0.242544233942
247,u_pos.gml,positive,women previously exposed to HPV,5,0.00768049155146,2.12690535271e-05,0.194179223616
248,u_pos.gml,positive,Afghanistan,1,0.00153609831029,0.0,0.149513568868
249,u_pos.gml,positive,natural foods,1,0.00153609831029,0.0,0.0111509358821
250,u_pos.gml,positive,genital warts,10,0.0153609831029,0.0134746055055,0.247353892972
251,u_pos.gml,positive,daily activities,1,0.00153609831029,0.0,0.204886799106
252,u_pos.gml,positive,vast amounts of time,1,0.00153609831029,0.0,0.175627068493
253,u_pos.gml,positive,at-risk unvaccinated children,1,0.00153609831029,0.0,0.193891763625
254,u_pos.gml,positive,seizures,1,0.00153609831029,0.0,0.226794608361
255,u_pos.gml,positive,legitimate reasons,2,0.00307219662058,0.0,0.24176075003
256,u_pos.gml,positive,prohibits vaccinating members,1,0.00153609831029,0.0,0.178560172227
257,u_pos.gml,positive,adult vaccination program,2,0.00307219662058,0.00275552404585,0.185712706599
258,u_pos.gml,positive,small nudges,1,0.00153609831029,0.0,0.163564016645
259,u_pos.gml,positive,pneumonia deaths,1,0.00153609831029,0.0,0.202432590925
260,u_pos.gml,positive,girls,7,0.010752688172,0.00858508900693,0.212965668827
261,u_pos.gml,positive,vaccination of pregnant women,1,0.00153609831029,0.0,0.181845034819
262,u_pos.gml,positive,anyone,1,0.00153609831029,0.0,0.198370142111
263,u_pos.gml,positive,compromise,2,0.00307219662058,0.0,0.247470734679
264,u_pos.gml,positive,Disneyland,2,0.00307219662058,0.0,0.226892830366
265,u_pos.gml,positive,2014-2015 FLULAVAL QUADRIVALENT flu vaccine,7,0.010752688172,0.0149206450743,0.169107664724
266,u_pos.gml,positive,vaccine hesitancy,4,0.00614439324117,0.00446678761236,0.243332812501
267,u_pos.gml,positive,headache,2,0.00307219662058,0.00488259076677,0.206746466186
268,u_pos.gml,positive,anus,1,0.00153609831029,0.0,0.15972425162
269,u_pos.gml,positive,uninformed,2,0.00307219662058,0.0,0.247470734679
270,u_pos.gml,positive,doctors,3,0.00460829493088,0.00301797696248,0.244240347466
271,u_pos.gml,positive,true-believer cohort,1,0.00153609831029,0.0,0.172959902712
272,u_pos.gml,positive,risk of cervical dysplasia,1,0.00153609831029,0.0,0.231812188192
273,u_pos.gml,positive,Colorado,2,0.00307219662058,2.17995305255e-05,0.173705419534
274,u_pos.gml,positive,right to personal exemptions,3,0.00460829493088,0.00431088953847,0.205610496591
275,u_pos.gml,positive,pneumonia,1,0.00153609831029,0.0,0.226794608361
276,u_pos.gml,positive,written down,1,0.00153609831029,0.0,0.231812188192
277,u_pos.gml,positive,behavioral interventions,1,0.00153609831029,0.0,0.147037761806
278,u_pos.gml,positive,backfire,1,0.00153609831029,0.0,0.17765193127
279,u_pos.gml,positive,short amount of time,1,0.00153609831029,0.0,0.00153609831029
280,u_pos.gml,positive,critical period,1,0.00153609831029,0.0,0.00153609831029
281,u_pos.gml,positive,early childcare advocacy group,1,0.00153609831029,0.0,0.163768535578
282,u_pos.gml,positive,Dr. Bryan King,3,0.00460829493088,1.41793690181e-05,0.00460829493088
283,u_pos.gml,positive,early diagnosis,1,0.00153609831029,0.0,0.198370142111
284,u_pos.gml,positive,conspiracy,5,0.00768049155146,0.0106196797208,0.206746466186
285,u_pos.gml,positive,childcare,3,0.00460829493088,0.000845719518647,0.247587686822
286,u_pos.gml,positive,unlikely,1,0.00153609831029,0.0,0.187105551898
287,u_pos.gml,positive,smallpox,1,0.00153609831029,0.0,0.18770890194
288,u_pos.gml,positive,protective effect of vaccines,9,0.0138248847926,0.0103762191166,0.236308319944
289,u_pos.gml,positive,non-medical reasons for exemption,2,0.00307219662058,0.000298357193061,0.207895057665
290,u_pos.gml,positive,retracted,1,0.00153609831029,0.0,0.175627068493
291,u_pos.gml,positive,MMR vaccine,26,0.0399385560676,0.0191555650622,0.250907828216
292,u_pos.gml,positive,allergies,1,0.00153609831029,0.0,0.19665748698
293,u_pos.gml,positive,policy makers,7,0.010752688172,0.00474010488414,0.236521690887
294,u_pos.gml,positive,ideas,3,0.00460829493088,0.00277355925755,0.203139024938
295,u_pos.gml,positive,medical issue,2,0.00307219662058,0.000338704467979,0.221052972707
296,u_pos.gml,positive,cervical dysplasia,11,0.0168970814132,0.0143802868835,0.245729617878
297,u_pos.gml,positive,birth defects,4,0.00614439324117,0.00637478180677,0.237164121917
298,u_pos.gml,positive,preschoolers,1,0.00153609831029,0.0,0.204168178221
299,u_pos.gml,positive,responsibility,2,0.00307219662058,0.000292215343836,0.22797891441
300,u_pos.gml,positive,social issues,2,0.00307219662058,0.0082382133995,0.14977002439
301,u_pos.gml,positive,government rebates,1,0.00153609831029,0.0,0.191342419764
302,u_pos.gml,positive,pain,1,0.00153609831029,0.0,0.204886799106
303,u_pos.gml,positive,normal,1,0.00153609831029,0.0,0.188587309329
304,u_pos.gml,positive,HPV vaccine benefits,3,0.00460829493088,0.00135581168057,0.184795606813
305,u_pos.gml,positive,medical exemption,8,0.0122887864823,0.00756492537684,0.251751823794
306,u_pos.gml,positive,Los Angeles County,1,0.00153609831029,0.0,0.204168178221
307,u_pos.gml,positive,ear infections,1,0.00153609831029,0.0,0.226794608361
308,u_pos.gml,positive,vaccine-free day care centres,7,0.010752688172,0.0132624175524,0.257189762059
309,u_pos.gml,positive,virus,1,0.00153609831029,0.0,0.165684865691
310,u_pos.gml,positive,unvaccinated workers,2,0.00307219662058,0.000191475954798,0.198520479468
311,u_pos.gml,positive,childhood disease,6,0.00921658986175,0.000334129715962,0.237918049643
312,u_pos.gml,positive,risk to pregnant women,1,0.00153609831029,0.0,0.191342419764
313,u_pos.gml,positive,environmental factors,5,0.00768049155146,0.016433888692,0.218017288937
314,u_pos.gml,positive,pro-vaccination,4,0.00614439324117,0.00286012659994,0.21984706056
315,u_pos.gml,positive,what we already knew,3,0.00460829493088,0.0028300838946,0.163004214473
316,u_pos.gml,positive,reduction in child mortality,2,0.00307219662058,0.0,0.202589151321
317,u_pos.gml,positive,consequences,1,0.00153609831029,0.0,0.213486367284
318,u_pos.gml,positive,young adults,4,0.00614439324117,0.00412878337962,0.202354401435
319,u_pos.gml,positive,Hib disease,2,0.00307219662058,4.72645633936e-06,0.00307219662058
320,u_pos.gml,positive,personal belief exemption,16,0.0245775729647,0.0204109590127,0.273004453004
321,u_pos.gml,positive,part of the story,1,0.00153609831029,0.0,0.134263338112
322,u_pos.gml,positive,disease,19,0.0291858678955,0.0223466403417,0.271871066588
323,u_pos.gml,positive,mental disorders,2,0.00307219662058,0.00550159517901,0.212706270936
324,u_pos.gml,positive,"Sydney, Australia",1,0.00153609831029,0.0,0.193034467692
325,u_pos.gml,positive,swelling,1,0.00153609831029,0.0,0.204886799106
326,u_pos.gml,positive,celebrities,2,0.00307219662058,0.00275552404585,0.184795606813
327,u_pos.gml,positive,social network,2,0.00307219662058,0.000187435157304,0.213486367284
328,u_pos.gml,positive,Jewish dietary laws,1,0.00153609831029,0.0,0.231812188192
329,u_pos.gml,positive,vaccine potency,3,0.00460829493088,0.00137539879475,0.142401616014
330,u_pos.gml,positive,presidential candidates,2,0.00307219662058,0.000184068875313,0.177051552996
331,u_pos.gml,positive,fear,1,0.00153609831029,0.0,0.214887426298
332,u_pos.gml,positive,reduction in mortality,2,0.00307219662058,0.0,0.202824446502
333,u_pos.gml,positive,World Health Organization,2,0.00307219662058,0.00273822219373,0.228177502315
334,u_pos.gml,positive,delaying Gardasil,2,0.00307219662058,0.0,0.241872366258
335,u_pos.gml,positive,autism risk,20,0.0307219662058,0.0185509400247,0.247237161545
336,u_pos.gml,positive,severe symptoms,1,0.00153609831029,0.0,0.185581135429
337,u_pos.gml,positive,rash,1,0.00153609831029,0.0,0.198370142111
338,u_pos.gml,positive,factor,1,0.00153609831029,0.0,0.00153609831029
339,u_pos.gml,positive,immune amnesia,3,0.00460829493088,0.00293265227451,0.206664909394
340,u_pos.gml,positive,Los Angeles,2,0.00307219662058,0.0,0.204247775951
341,u_pos.gml,positive,psychiatrist,1,0.00153609831029,0.0,0.00276497695853
342,u_pos.gml,positive,vaccine efficacy,2,0.00307219662058,0.0,0.193820031563
343,u_pos.gml,positive,public health,8,0.0122887864823,0.00855436629768,0.264861246367
344,u_pos.gml,positive,medical conditions,1,0.00153609831029,0.0,0.176514671602
345,u_pos.gml,positive,opponent of sanity-oriented legislation,2,0.00307219662058,0.0,0.173017022891
346,u_pos.gml,positive,children with neurodevelopmental issues,2,0.00307219662058,0.00176493595606,0.206258088707
347,u_pos.gml,positive,recommended vaccines,2,0.00307219662058,0.000288606236933,0.18434044522
348,u_pos.gml,positive,genetic predisposition,4,0.00614439324117,0.0100945778456,0.237056807835
349,u_pos.gml,positive,unethical,1,0.00153609831029,0.0,0.187038752344
350,u_pos.gml,positive,teens,6,0.00921658986175,0.00275552404585,0.205047180162
351,u_pos.gml,positive,random cases,1,0.00153609831029,0.0,0.198370142111
352,u_pos.gml,positive,anti-vaccination website,14,0.0215053763441,0.000430107526882,0.0215053763441
353,u_pos.gml,positive,imitation infection,2,0.00307219662058,0.0,0.215506188941
354,u_pos.gml,positive,NIH,4,0.00614439324117,0.00825239276852,0.175803874267
355,u_pos.gml,positive,meningococcal outbreak,6,0.00921658986175,0.00836874691898,0.230486381573
356,u_pos.gml,positive,orthodox Hasidic Jews,4,0.00614439324117,0.0192155137815,0.210315353398
357,u_pos.gml,positive,Federal Circuit,1,0.00153609831029,0.0,0.119774930342
358,u_pos.gml,positive,opportunistic infections,1,0.00153609831029,0.0,0.202432590925
359,u_pos.gml,positive,unvaccinated high-risk children,1,0.00153609831029,0.0,0.179539254734
360,u_pos.gml,positive,false concerns,1,0.00153609831029,0.0,0.160408923856
361,u_pos.gml,positive,at risk,3,0.00460829493088,0.00191036418701,0.221146283375
362,u_pos.gml,positive,gift from God,1,0.00153609831029,0.0,0.186838639556
363,u_pos.gml,positive,strong-arm tactics,1,0.00153609831029,0.0,0.17765193127
364,u_pos.gml,positive,medical law,1,0.00153609831029,0.0,0.231812188192
365,u_pos.gml,positive,Caribbean,1,0.00153609831029,0.0,0.153905859376
366,u_pos.gml,positive,free vaccine,1,0.00153609831029,0.0,0.196362648169
367,u_pos.gml,positive,testing,1,0.00153609831029,0.0,0.1680229459
368,u_pos.gml,positive,vaccine refusal,13,0.0199692780338,0.0141520970019,0.269355036152
369,u_pos.gml,positive,sex,1,0.00153609831029,0.0,0.193748352557
370,u_pos.gml,positive,elite list,1,0.00153609831029,0.0,0.18770890194
371,u_pos.gml,positive,Jehovah's Witnesses,4,0.00614439324117,0.00117030821446,0.260385459898
372,u_pos.gml,positive,arm,1,0.00153609831029,0.0,0.204886799106
373,u_pos.gml,positive,Senator Rand Paul,2,0.00307219662058,0.00275552404585,0.172107603586
374,u_pos.gml,positive,Early Childhood Australia's chief executive,1,0.00153609831029,0.0,0.00153609831029
375,u_pos.gml,positive,efficacious,1,0.00153609831029,0.0,0.231812188192
376,u_pos.gml,positive,William Moss,5,0.00768049155146,0.00559082392262,0.204646697389
377,u_pos.gml,positive,vaccinated children and unvaccinated children,4,0.00614439324117,0.000290799632613,0.226794608361
378,u_pos.gml,positive,diarrhea deaths,1,0.00153609831029,0.0,0.202432590925
379,u_pos.gml,positive,free vaccine eligible,3,0.00460829493088,0.000132340777502,0.211589477106
380,u_pos.gml,positive,vaccines,68,0.1044546851,0.175096718005,0.312400444433
381,u_pos.gml,positive,herd immunity,19,0.0291858678955,0.0177568960213,0.262472718094
382,u_pos.gml,positive,behavioral research,2,0.00307219662058,0.0,0.242319863698
383,u_pos.gml,positive,public schools,1,0.00153609831029,0.0,0.157894980505
384,u_pos.gml,positive,unconscionable,1,0.00153609831029,0.0,0.175862888659
385,u_pos.gml,positive,Department of Public Health Immunization Program,1,0.00153609831029,0.0,0.140229000352
386,u_pos.gml,positive,cervical cancer,7,0.010752688172,0.00861247796221,0.219662702438
387,u_pos.gml,positive,polio vaccination effort,2,0.00307219662058,4.72645633936e-06,0.00307219662058
388,u_pos.gml,positive,MMR vaccine doesn't trigger autism,1,0.00153609831029,0.0,0.137976177328
389,u_pos.gml,positive,we,3,0.00460829493088,0.0029899037641,0.229476804781
390,u_pos.gml,positive,genes,1,0.00153609831029,0.0,0.216933973215
391,u_pos.gml,positive,government policy,3,0.00460829493088,0.00253451219091,0.175098778514
392,u_pos.gml,positive,risk of mumps,1,0.00153609831029,0.0,0.207237161913
393,u_pos.gml,positive,confusion,1,0.00153609831029,0.0,0.198370142111
394,u_pos.gml,positive,absolute objection,2,0.00307219662058,0.0,0.15643342649
395,u_pos.gml,positive,models of disease,1,0.00153609831029,0.0,0.226794608361
396,u_pos.gml,positive,ages 14 to 17,1,0.00153609831029,0.0,0.194974151587
397,u_pos.gml,positive,infants,8,0.0122887864823,0.0100325324306,0.22797891441
398,u_pos.gml,positive,opposition,1,0.00153609831029,0.0,0.00204813108039
399,u_pos.gml,positive,approval,1,0.00153609831029,0.0,0.173993870912
400,u_pos.gml,positive,mortality rate decrease,1,0.00153609831029,0.0,0.171040008265
401,u_pos.gml,positive,vaccine-autism link,33,0.0506912442396,0.0737998529813,0.282423474563
402,u_pos.gml,positive,HPV infection,3,0.00460829493088,5.9080704242e-06,0.209474428355
403,u_pos.gml,positive,scientific paper,1,0.00153609831029,0.0,0.214887426298
404,u_pos.gml,positive,Catholic parents,3,0.00460829493088,0.00182913860333,0.143808823858
405,u_pos.gml,positive,vaccines are not necessary,1,0.00153609831029,0.0,0.00204813108039
406,u_pos.gml,positive,resurgence in potentially fatal childhood infectious diseases,1,0.00153609831029,0.0,0.156526903291
407,u_pos.gml,positive,recommended vaccine schedule,2,0.00307219662058,0.0,0.241872366258
408,u_pos.gml,positive,new version of Gardasil,3,0.00460829493088,0.00193814793921,0.218745530403
409,u_pos.gml,positive,cancer,7,0.010752688172,0.00479176796367,0.25296742893
410,u_pos.gml,positive,reasons,1,0.00153609831029,0.0,0.209390705562
411,u_pos.gml,positive,saved lives,1,0.00153609831029,0.0,0.231812188192
412,u_pos.gml,positive,community,17,0.026113671275,0.0462053221132,0.28944505266
413,u_pos.gml,positive,peer pressure,1,0.00153609831029,0.0,0.00153609831029
414,u_pos.gml,positive,measles vaccination,6,0.00921658986175,0.00524053945015,0.1999601318
415,u_pos.gml,positive,church,5,0.00768049155146,0.00573997596679,0.244811002484
416,u_pos.gml,positive,high vaccination rates,3,0.00460829493088,0.00550632163535,0.187641670958
417,u_pos.gml,positive,symptoms,2,0.00307219662058,0.0,0.162700479911
418,u_pos.gml,positive,ages 11 or 12,3,0.00460829493088,0.00318526628828,0.205772013085
419,u_pos.gml,positive,Assembly,1,0.00153609831029,0.0,0.00204813108039
420,u_pos.gml,positive,meningococcal conjugate booster,1,0.00153609831029,0.0,0.00153609831029
421,u_pos.gml,positive,deaths,4,0.00614439324117,0.00749424892512,0.249830970584
422,u_pos.gml,positive,computer models,1,0.00153609831029,0.0,0.194829135483
423,u_pos.gml,positive,California,5,0.00768049155146,0.00392142761896,0.239330993748
424,u_pos.gml,positive,risk of rubella,1,0.00153609831029,0.0,0.207237161913
425,u_pos.gml,positive,controversial bill,3,0.00460829493088,0.00550632163535,0.215772465121
426,u_pos.gml,positive,healthy people,1,0.00153609831029,0.0,0.198370142111
427,u_pos.gml,positive,Islamic principles,2,0.00307219662058,0.00275552404585,0.212533689783
428,u_pos.gml,positive,polio vaccine opposition,9,0.0138248847926,0.0249140500984,0.179354859745
429,u_pos.gml,positive,preteens,3,0.00460829493088,0.0,0.181529987982
430,u_pos.gml,positive,rubella elimination,4,0.00614439324117,0.0035171571051,0.234510091905
431,u_pos.gml,positive,families,9,0.0138248847926,0.0137843093607,0.255434200544
432,u_pos.gml,positive,meningitis,2,0.00307219662058,0.000199572743352,0.193891763625
433,u_pos.gml,positive,Pennsylvania,1,0.00153609831029,0.0,0.00204813108039
434,u_pos.gml,positive,measles,65,0.099846390169,0.124398383834,0.303355845579
435,u_pos.gml,positive,revaccinated,1,0.00153609831029,0.0,0.196362648169
436,u_pos.gml,positive,argument,2,0.00307219662058,0.0,0.230689363855
437,u_pos.gml,positive,pediatricians,2,0.00307219662058,0.00275552404585,0.160458053695
438,u_pos.gml,positive,pig,2,0.00307219662058,0.0,0.236095333625
439,u_pos.gml,positive,Princeton University,1,0.00153609831029,0.0,0.00204813108039
440,u_pos.gml,positive,hardness of the skin,1,0.00153609831029,0.0,0.204886799106
441,u_pos.gml,positive,CDC,4,0.00614439324117,0.0196091227625,0.206420624632
442,u_pos.gml,positive,pharmacological interventions,1,0.00153609831029,0.0,0.147037761806
443,u_pos.gml,positive,hesitant parents,2,0.00307219662058,0.00550159517901,0.195192080967
444,u_pos.gml,positive,vaccine-preventable diseases,9,0.0138248847926,0.0142862265981,0.259611271217
445,u_pos.gml,positive,First Century Gospel Church,2,0.00307219662058,0.0,0.00552995391705
446,u_pos.gml,positive,three doses Gardasil,1,0.00153609831029,0.0,0.172164162115
447,u_pos.gml,positive,11-18 year olds,1,0.00153609831029,0.0,0.181529987982
448,u_pos.gml,positive,vaccine mandates,7,0.010752688172,0.0112770007282,0.221426688637
449,u_pos.gml,positive,rubella vaccine,3,0.00460829493088,4.72645633936e-06,0.124087054788
450,u_pos.gml,positive,important message,1,0.00153609831029,0.0,0.186174678506
451,u_pos.gml,positive,decline in vaccination rates,2,0.00307219662058,0.00275552404585,0.189542527249
452,u_pos.gml,positive,Vaccine Education Center,1,0.00153609831029,0.0,0.00276497695853
453,u_pos.gml,positive,infant disability,1,0.00153609831029,0.0,0.212361388454
454,u_pos.gml,positive,electrostimulation,1,0.00153609831029,0.0,0.0111509358821
455,u_pos.gml,positive,shame,1,0.00153609831029,0.0,0.126575391475
456,u_pos.gml,positive,abnormal cells,1,0.00153609831029,0.0,0.19296336844
457,u_pos.gml,positive,immune system,9,0.0138248847926,0.00513605210406,0.245499318329
458,u_pos.gml,positive,theological issues,1,0.00153609831029,0.0,0.149513568868
459,u_pos.gml,positive,triple hit,3,0.00460829493088,0.0027744298712,0.190092723264
460,u_pos.gml,positive,pregnant women,6,0.00921658986175,0.00291775624955,0.215240569152
461,u_pos.gml,positive,Mina study,7,0.010752688172,0.00895432475674,0.248763316864
462,u_pos.gml,positive,immunosuppression,4,0.00614439324117,0.000294144439045,0.23867678602
463,u_pos.gml,positive,new transmission,1,0.00153609831029,0.0,0.185581135429
464,u_pos.gml,positive,vaccines are safe,1,0.00153609831029,0.0,0.183244332044
465,u_pos.gml,positive,one dose Gardasil,1,0.00153609831029,0.0,0.172164162115
466,u_pos.gml,positive,government,1,0.00153609831029,0.0,0.00153609831029
467,u_pos.gml,positive,infant mortality,1,0.00153609831029,0.0,0.212361388454
468,u_pos.gml,positive,new strategies,2,0.00307219662058,0.000168505377498,0.210315353398
469,u_pos.gml,positive,GlaxoSmithKline,2,0.00307219662058,0.00137539879475,0.142401616014
470,u_pos.gml,positive,state-level policies,3,0.00460829493088,9.56859628612e-05,0.22797891441
471,u_pos.gml,positive,daughters,3,0.00460829493088,0.0,0.241872366258
472,u_pos.gml,positive,insulin,1,0.00153609831029,0.0,0.00153609831029
473,u_pos.gml,positive,home-school,2,0.00307219662058,9.3761077632e-05,0.203929756837
474,u_pos.gml,positive,protect the kid next to you,1,0.00153609831029,0.0,0.212361388454
475,u_pos.gml,positive,HPV,7,0.010752688172,0.00588530304024,0.212017622548
476,u_pos.gml,positive,multi-site protection,7,0.010752688172,0.00825239276852,0.194251221845
477,u_pos.gml,positive,reduction in HPV,1,0.00153609831029,0.0,0.193748352557
478,u_pos.gml,positive,risk of fainting,2,0.00307219662058,0.00128490033958,0.234720226396
479,u_pos.gml,positive,bad news,1,0.00153609831029,0.0,0.226794608361
480,u_pos.gml,positive,Hinduism,2,0.00307219662058,0.0,0.231812188192
481,u_pos.gml,positive,party lines,1,0.00153609831029,0.0,0.215417576199
482,u_pos.gml,positive,programs,1,0.00153609831029,0.0,0.155228309723
483,u_pos.gml,positive,German measles,1,0.00153609831029,0.0,0.185581135429
484,u_pos.gml,positive,harmful association,3,0.00460829493088,0.000439656189925,0.227780671876
485,u_pos.gml,positive,fever,2,0.00307219662058,0.00251704476849,0.190993636644
486,u_pos.gml,positive,partial protection,2,0.00307219662058,0.0,0.193820031563
487,u_pos.gml,positive,republicans,2,0.00307219662058,0.00275552404585,0.215594874615
488,u_pos.gml,positive,prevention,2,0.00307219662058,0.00550159517901,0.203691891647
489,u_pos.gml,positive,mumps vaccine,1,0.00153609831029,0.0,0.170427958788
490,u_pos.gml,positive,vaccines cause autism,2,0.00307219662058,0.000428480716334,0.202981613838
491,u_pos.gml,positive,money,5,0.00768049155146,0.00946041298486,0.216664824365
492,u_pos.gml,positive,vaccines cause neurological problems,1,0.00153609831029,0.0,0.174865001774
493,u_pos.gml,positive,books,1,0.00153609831029,0.0,0.0111509358821
494,u_pos.gml,positive,promising news,3,0.00460829493088,0.00283983069591,0.195046740624
495,u_pos.gml,positive,reduced effectiveness,1,0.00153609831029,0.0,0.142324244856
496,u_pos.gml,positive,eliminated virus,5,0.00768049155146,0.00804831967342,0.237271533204
497,u_pos.gml,positive,unable to speak,1,0.00153609831029,0.0,0.112423936763
498,u_pos.gml,positive,Dutch Bible belt,1,0.00153609831029,0.0,0.226794608361
499,u_pos.gml,positive,high-risk types of HPV,5,0.00768049155146,0.00297411981467,0.210568949082
500,u_pos.gml,positive,cervix,1,0.00153609831029,0.0,0.15972425162
501,u_pos.gml,positive,sterilize Muslims,2,0.00307219662058,0.0,0.168617813104
502,u_pos.gml,positive,vaccine safety,4,0.00614439324117,0.00824174998445,0.234930737809
503,u_pos.gml,positive,whooping cough,6,0.00921658986175,0.00433193024413,0.227879750028
504,u_pos.gml,positive,parents,58,0.0890937019969,0.218725048513,0.330742137194
505,u_pos.gml,positive,choice,1,0.00153609831029,0.0,0.231812188192
506,u_pos.gml,positive,at-risk vaccinated children,1,0.00153609831029,0.0,0.193891763625
507,u_pos.gml,positive,anti-vaccine eugenics community,2,0.00307219662058,0.0,0.226892830366
508,u_pos.gml,positive,personal belief reasons,3,0.00460829493088,0.000249476084404,0.24492545363
509,u_pos.gml,positive,hospitalizations,2,0.00307219662058,0.0,0.212361388454
510,u_pos.gml,positive,careers,1,0.00153609831029,0.0,0.153275466739
511,u_pos.gml,positive,insurance claims,1,0.00153609831029,0.0,0.189200269164
512,u_pos.gml,positive,victims,1,0.00153609831029,0.0,0.226794608361
513,u_pos.gml,positive,myth,4,0.00614439324117,0.00573035448544,0.195264832395
514,u_pos.gml,positive,Gardasil 4,1,0.00153609831029,0.0,0.17154405544
515,u_pos.gml,positive,Gardasil 9,1,0.00153609831029,0.0,0.17154405544
516,u_pos.gml,positive,minor symptoms,5,0.00768049155146,0.0104689292698,0.23867678602
517,u_pos.gml,positive,Waldorf School of Princeton,2,0.00307219662058,0.00275552404585,0.19155230176
518,u_pos.gml,positive,vaccinated girls,3,0.00460829493088,5.9080704242e-06,0.194901616561
519,u_pos.gml,positive,JAMA study,6,0.00921658986175,0.00773209473316,0.239659444334
520,u_pos.gml,positive,projects,1,0.00153609831029,0.0,0.174573657219
521,u_pos.gml,positive,Pakistan,1,0.00153609831029,0.0,0.149513568868
522,u_pos.gml,positive,sterilization attempt,1,0.00153609831029,0.0,0.00204813108039
523,u_pos.gml,positive,Christian Scientists,2,0.00307219662058,4.72645633936e-06,0.00307219662058
524,u_pos.gml,positive,benefit,1,0.00153609831029,0.0,0.00153609831029
525,u_pos.gml,positive,Western Hemisphere,1,0.00153609831029,0.0,0.185581135429
526,u_pos.gml,positive,side effects,16,0.0245775729647,0.0410135953594,0.265397945955
527,u_pos.gml,positive,secretin,1,0.00153609831029,0.0,0.0111509358821
528,u_pos.gml,positive,aborted fetuses,3,0.00460829493088,0.00182913860333,0.143808823858
529,u_pos.gml,positive,children at higher risk for autism,12,0.0184331797235,0.00549087593493,0.239988797671
530,u_pos.gml,positive,people,4,0.00614439324117,0.00468160659833,0.23813433878
531,u_pos.gml,positive,Dutch reformed churches,5,0.00768049155146,0.00596719884636,0.235882730894
532,u_pos.gml,positive,vaccine delay,11,0.0168970814132,0.0172621143896,0.262867809992
533,u_pos.gml,positive,hepatitis A vaccine,4,0.00614439324117,0.0136878175588,0.170984185808
534,u_pos.gml,positive,Faith Tabernacle,2,0.00307219662058,0.0,0.00552995391705
535,u_pos.gml,positive,run down feeling,1,0.00153609831029,0.0,0.204886799106
536,u_pos.gml,positive,The Lancet,1,0.00153609831029,0.0,0.119774930342
537,u_pos.gml,positive,make plans ahead of time,1,0.00153609831029,0.0,0.194901616561
538,u_pos.gml,positive,nervous system problems,1,0.00153609831029,0.0,0.167485788144
539,u_pos.gml,positive,long-term disabilities,5,0.00768049155146,0.00846388610798,0.205852866528
540,u_pos.gml,positive,Governor Jerry Brown,2,0.00307219662058,0.0,0.223409614207
541,u_pos.gml,positive,vaccinated children,9,0.0138248847926,0.00578998587398,0.240098783371
542,u_pos.gml,positive,HPV strains,3,0.00460829493088,6.47524518492e-05,0.202198203518
543,u_pos.gml,positive,religion,7,0.010752688172,0.0138963473315,0.264727410467
544,u_pos.gml,positive,someone looking to make a buck,1,0.00153609831029,0.0,0.0111509358821
545,u_pos.gml,positive,measles vaccine,23,0.0353302611367,0.0421193242064,0.261294536317
546,u_pos.gml,positive,developmental disability,4,0.00614439324117,0.00256931772108,0.263794332988
547,u_pos.gml,positive,infectious disease,6,0.00921658986175,0.00534289283758,0.259997789238
548,u_pos.gml,positive,University of Minnesota,1,0.00153609831029,0.0,0.1537703391
549,u_pos.gml,positive,voluntary,1,0.00153609831029,0.0,0.212361388454
550,u_pos.gml,positive,serogroup C,1,0.00153609831029,0.0,0.181529987982
551,u_pos.gml,positive,serogroup B,1,0.00153609831029,0.0,0.181529987982
552,u_pos.gml,positive,chelators,1,0.00153609831029,0.0,0.0111509358821
553,u_pos.gml,positive,preventable disease,3,0.00460829493088,0.00325266627524,0.257063564924
554,u_pos.gml,positive,children with cancer,3,0.00460829493088,0.0,0.216844182663
555,u_pos.gml,positive,tuition,1,0.00153609831029,0.0,0.157894980505
556,u_pos.gml,positive,variation,2,0.00307219662058,0.00316386112036,0.178560172227
557,u_pos.gml,positive,serogroup Y,1,0.00153609831029,0.0,0.181529987982
558,u_pos.gml,positive,whooping cough vaccine,1,0.00153609831029,0.0,0.181845034819
559,u_pos.gml,positive,vaccine,2,0.00307219662058,0.000174461999147,0.200342464748
560,u_pos.gml,positive,Cervarix,3,0.00460829493088,7.08968450904e-06,0.199655314525
561,u_pos.gml,positive,Jill Hennessy,2,0.00307219662058,0.00275552404585,0.200112889731
562,u_pos.gml,positive,world,2,0.00307219662058,0.000798614936864,0.216396342551
563,u_pos.gml,positive,Johns Hopkins University,1,0.00153609831029,0.0,0.166686460488
564,u_pos.gml,positive,Dr. Mark Schleiss,3,0.00460829493088,0.00289684924274,0.185515419729
565,u_pos.gml,positive,carrier,4,0.00614439324117,0.00550632163535,0.198671044867
566,u_pos.gml,positive,Americans,1,0.00153609831029,0.0,0.17765193127
567,u_pos.gml,positive,pediatrician,1,0.00153609831029,0.0,0.00276497695853
568,u_pos.gml,positive,mouth,1,0.00153609831029,0.0,0.15972425162
569,u_pos.gml,positive,children with family history of autism,1,0.00153609831029,0.0,0.214887426298
570,u_pos.gml,positive,deafness,1,0.00153609831029,0.0,0.167485788144
571,u_pos.gml,positive,true cause of autism,1,0.00153609831029,0.0,0.182796770871
572,u_pos.gml,positive,safety concern,1,0.00153609831029,0.0,0.142324244856
573,u_pos.gml,positive,commitment,1,0.00153609831029,0.0,0.172959902712
574,u_pos.gml,positive,childhood mortality,9,0.0138248847926,0.00631821855813,0.242656574949
575,u_pos.gml,positive,Eagle Mountain International Church,3,0.00460829493088,0.00291709581432,0.250787719155
576,u_pos.gml,positive,one child,1,0.00153609831029,0.0,0.181781938
577,u_pos.gml,positive,health benefits,9,0.0138248847926,0.013565445023,0.234825434924
578,u_pos.gml,positive,Andrew Wakefield,3,0.00460829493088,0.00550632163535,0.147327206219
579,u_pos.gml,positive,vaccination,51,0.0783410138249,0.0865630622197,0.278076191781
580,u_pos.gml,positive,outbreaks,7,0.010752688172,0.0118348523855,0.246191515655
581,u_pos.gml,positive,religious beliefs,3,0.00460829493088,0.000249476084404,0.24492545363
582,u_pos.gml,positive,fast,1,0.00153609831029,0.0,0.207073338069
583,u_pos.gml,positive,early education,1,0.00153609831029,0.0,0.228476033718
584,u_pos.gml,positive,Dr. Bill Adams,2,0.00307219662058,0.00275552404585,0.166157800607
585,u_pos.gml,positive,HPV vaccine,34,0.0522273425499,0.0588627104849,0.247004028908
586,u_pos.gml,positive,Senator Jeff Stone,1,0.00153609831029,0.0,0.160408923856
587,u_pos.gml,positive,funds,1,0.00153609831029,0.0,0.231812188192
588,u_pos.gml,positive,peers,1,0.00153609831029,0.0,0.24176075003
589,u_pos.gml,positive,boys,4,0.00614439324117,0.000695217380457,0.209809990114
590,u_pos.gml,positive,link,1,0.00153609831029,0.0,0.231812188192
591,u_pos.gml,positive,reassurance,3,0.00460829493088,0.00311916859382,0.190369020827
592,u_pos.gml,positive,End Time Ministries,2,0.00307219662058,0.0,0.00552995391705
593,u_pos.gml,positive,Victoria's health minister,1,0.00153609831029,0.0,0.16366621222
594,u_pos.gml,positive,fraud,2,0.00307219662058,0.0082382133995,0.175981036384
595,u_pos.gml,positive,vaccine success,1,0.00153609831029,0.0,0.24176075003
596,u_pos.gml,positive,complications,1,0.00153609831029,0.0,0.208723324827
597,u_pos.gml,positive,childcare rebate,1,0.00153609831029,0.0,0.173993870912
598,u_pos.gml,positive,Pan American Health Organization,1,0.00153609831029,0.0,0.160261714688
599,u_pos.gml,positive,adults,2,0.00307219662058,0.00529461161874,0.220124178704
600,u_pos.gml,positive,interventions,3,0.00460829493088,0.0013743775711,0.235564543757
601,u_pos.gml,positive,vaccine debate,3,0.00460829493088,0.00154754512624,0.202432590925
602,u_pos.gml,positive,sales,1,0.00153609831029,0.0,0.202432590925
603,u_pos.gml,positive,vaccinated individuals,1,0.00153609831029,0.0,0.231812188192
604,u_pos.gml,positive,evidence,7,0.010752688172,0.00624806538443,0.249474069198
605,u_pos.gml,positive,sibling,1,0.00153609831029,0.0,0.212361388454
606,u_pos.gml,positive,health care,4,0.00614439324117,0.00506999442653,0.258331136743
607,u_pos.gml,positive,exist,1,0.00153609831029,0.0,0.214887426298
608,u_pos.gml,positive,vaccination policy,1,0.00153609831029,0.0,0.192396454394
609,u_pos.gml,positive,social norms,1,0.00153609831029,0.0,0.212361388454
610,u_pos.gml,positive,education,1,0.00153609831029,0.0,0.173878375478
611,u_pos.gml,positive,autism,39,0.0599078341014,0.0643168345535,0.285969184124
612,u_pos.gml,positive,religions with absolute objection,6,0.00921658986175,2.36322816968e-05,0.00921658986175
613,u_pos.gml,positive,prenatal development,1,0.00153609831029,0.0,0.00153609831029
614,u_pos.gml,positive,vaccination rate,10,0.0153609831029,0.00892138146393,0.242994223244
615,u_pos.gml,positive,sibling with autism,1,0.00153609831029,0.0,0.18940547553
616,u_pos.gml,positive,preventing cancer,1,0.00153609831029,0.0,0.193748352557
617,u_pos.gml,positive,National Institutes of Health,1,0.00153609831029,0.0,0.174573657219
618,u_pos.gml,positive,SB 277,22,0.0337941628264,0.0459622003025,0.283339937975
619,u_pos.gml,positive,California governor,2,0.00307219662058,1.82234560115e-05,0.213660499721
620,u_pos.gml,positive,field,1,0.00153609831029,0.0,0.162397875175
621,u_pos.gml,positive,vaccine requirements,7,0.010752688172,0.00318317634795,0.244811002484
622,u_pos.gml,positive,role,1,0.00153609831029,0.0,0.175450617989
623,u_pos.gml,positive,driving factors,3,0.00460829493088,9.83006123027e-05,0.251510103368
624,u_pos.gml,positive,sexually active,7,0.010752688172,0.00842773611375,0.248999783895
625,u_pos.gml,positive,immunity,6,0.00921658986175,0.0033328903184,0.253456964352
626,u_pos.gml,positive,expected,1,0.00153609831029,0.0,0.188587309329
627,u_pos.gml,positive,sense of urgency,1,0.00153609831029,0.0,0.24176075003
628,u_pos.gml,positive,health officials,5,0.00768049155146,0.0109856161572,0.256308975203
629,u_pos.gml,positive,rubella,13,0.0199692780338,0.0241335145305,0.233881939873
630,u_pos.gml,positive,former gastroenterologist,1,0.00153609831029,0.0,0.126575391475
631,u_pos.gml,positive,varicella vaccine,3,0.00460829493088,4.72645633936e-06,0.124087054788
632,u_pos.gml,positive,magnitude of benefits,1,0.00153609831029,0.0,0.165162530049
633,u_pos.gml,positive,serogroups,1,0.00153609831029,0.0,0.198370142111
634,u_pos.gml,positive,16 years of age,1,0.00153609831029,0.0,0.00153609831029
635,u_pos.gml,positive,state vaccination rates,3,0.00460829493088,0.00293339635275,0.157847407446
636,u_pos.gml,positive,loss of limb,1,0.00153609831029,0.0,0.167485788144
637,u_pos.gml,positive,Early Childhood Australia,3,0.00460829493088,0.00275552404585,0.200265881237
638,u_pos.gml,positive,religious groups,24,0.036866359447,0.0819235912696,0.288806805576
639,u_pos.gml,positive,age 26,1,0.00153609831029,0.0,0.162700479911
640,u_pos.gml,positive,Robert F. Kennedy Jr.,2,0.00307219662058,0.00754054451309,0.235352895469
641,u_pos.gml,positive,friends,1,0.00153609831029,0.0,0.24176075003
642,u_pos.gml,positive,Catholic Church,1,0.00153609831029,0.0,0.176633697004
643,u_pos.gml,positive,Amish,3,0.00460829493088,0.00143734924633,0.220216706732
644,u_pos.gml,positive,scheduled appointment,1,0.00153609831029,0.0,0.24176075003
645,u_pos.gml,positive,meningococcal disease symptoms,4,0.00614439324117,0.00495227644275,0.173074180811
646,u_pos.gml,positive,Netherlands Reformed Congregation,2,0.00307219662058,0.0,0.226794608361
647,u_pos.gml,positive,immune protection,3,0.00460829493088,0.00434729898853,0.237271533204
648,u_pos.gml,positive,environmental trigger,2,0.00307219662058,0.000505460613933,0.196731335079
649,u_pos.gml,positive,time,1,0.00153609831029,0.0,0.213486367284
650,u_pos.gml,positive,overseas,3,0.00460829493088,0.000870359603634,0.204806702625
651,u_pos.gml,positive,Tdap vaccine,12,0.0184331797235,0.0211382614758,0.257569097992
